n_estimators, max_depth, learning_rate, nbr_features, test_size, random_state,  log_loss_error_cv, log_loss_error_train, cross_val_fit_time, features_used 
480, 2, 0.11, 122, 0.2, 21,   1.01448,  0.98851, 4.16, ['home_team_history_goal_1', 'home_team_history_goal_2', 'home_team_history_goal_3', 'home_team_history_goal_4', 'home_team_history_goal_5', 'home_team_history_goal_6', 'home_team_history_goal_7', 'home_team_history_goal_8', 'home_team_history_goal_9', 'home_team_history_goal_10', 'home_team_history_opponent_goal_1', 'home_team_history_opponent_goal_2', 'home_team_history_opponent_goal_3', 'home_team_history_opponent_goal_4', 'home_team_history_opponent_goal_5', 'home_team_history_opponent_goal_6', 'home_team_history_opponent_goal_7', 'home_team_history_opponent_goal_8', 'home_team_history_opponent_goal_9', 'home_team_history_opponent_goal_10', 'home_team_history_rating_1', 'home_team_history_rating_2', 'home_team_history_rating_3', 'home_team_history_rating_4', 'home_team_history_rating_5', 'home_team_history_rating_6', 'home_team_history_rating_7', 'home_team_history_rating_8', 'home_team_history_rating_9', 'home_team_history_rating_10', 'home_team_history_opponent_rating_1', 'home_team_history_opponent_rating_2', 'home_team_history_opponent_rating_3', 'home_team_history_opponent_rating_4', 'home_team_history_opponent_rating_5', 'home_team_history_opponent_rating_6', 'home_team_history_opponent_rating_7', 'home_team_history_opponent_rating_8', 'home_team_history_opponent_rating_9', 'home_team_history_opponent_rating_10', 'home_team_history_league_id_1', 'home_team_history_league_id_2', 'home_team_history_league_id_3', 'home_team_history_league_id_4', 'home_team_history_league_id_5', 'home_team_history_league_id_6', 'home_team_history_league_id_7', 'home_team_history_league_id_8', 'home_team_history_league_id_9', 'home_team_history_league_id_10', 'away_team_history_goal_1', 'away_team_history_goal_2', 'away_team_history_goal_3', 'away_team_history_goal_4', 'away_team_history_goal_5', 'away_team_history_goal_6', 'away_team_history_goal_7', 'away_team_history_goal_8', 'away_team_history_goal_9', 'away_team_history_goal_10', 'away_team_history_opponent_goal_1', 'away_team_history_opponent_goal_2', 'away_team_history_opponent_goal_3', 'away_team_history_opponent_goal_4', 'away_team_history_opponent_goal_5', 'away_team_history_opponent_goal_6', 'away_team_history_opponent_goal_7', 'away_team_history_opponent_goal_8', 'away_team_history_opponent_goal_9', 'away_team_history_opponent_goal_10', 'away_team_history_rating_1', 'away_team_history_rating_2', 'away_team_history_rating_3', 'away_team_history_rating_4', 'away_team_history_rating_5', 'away_team_history_rating_6', 'away_team_history_rating_7', 'away_team_history_rating_8', 'away_team_history_rating_9', 'away_team_history_rating_10', 'away_team_history_opponent_rating_1', 'away_team_history_opponent_rating_2', 'away_team_history_opponent_rating_3', 'away_team_history_opponent_rating_4', 'away_team_history_opponent_rating_5', 'away_team_history_opponent_rating_6', 'away_team_history_opponent_rating_7', 'away_team_history_opponent_rating_8', 'away_team_history_opponent_rating_9', 'away_team_history_opponent_rating_10', 'away_team_history_league_id_1', 'away_team_history_league_id_2', 'away_team_history_league_id_3', 'away_team_history_league_id_4', 'away_team_history_league_id_5', 'away_team_history_league_id_6', 'away_team_history_league_id_7', 'away_team_history_league_id_8', 'away_team_history_league_id_9', 'away_team_history_league_id_10', 'home_team_history_result_1', 'away_team_history_result_1', 'home_team_history_result_2', 'away_team_history_result_2', 'home_team_history_result_3', 'away_team_history_result_3', 'home_team_history_result_4', 'away_team_history_result_4', 'home_team_history_result_5', 'away_team_history_result_5', 'home_team_history_result_6', 'away_team_history_result_6', 'home_team_history_result_7', 'away_team_history_result_7', 'home_team_history_result_8', 'away_team_history_result_8', 'home_team_history_result_9', 'away_team_history_result_9', 'home_team_history_result_10', 'away_team_history_result_10', 'home_team_history_goal_difference_10_matches', 'away_team_history_goal_difference_10_matches']
400, 2, 0.11, 122, 0.2, 21,   1.01437,  0.99132, 3.41, ['home_team_history_goal_1', 'home_team_history_goal_2', 'home_team_history_goal_3', 'home_team_history_goal_4', 'home_team_history_goal_5', 'home_team_history_goal_6', 'home_team_history_goal_7', 'home_team_history_goal_8', 'home_team_history_goal_9', 'home_team_history_goal_10', 'home_team_history_opponent_goal_1', 'home_team_history_opponent_goal_2', 'home_team_history_opponent_goal_3', 'home_team_history_opponent_goal_4', 'home_team_history_opponent_goal_5', 'home_team_history_opponent_goal_6', 'home_team_history_opponent_goal_7', 'home_team_history_opponent_goal_8', 'home_team_history_opponent_goal_9', 'home_team_history_opponent_goal_10', 'home_team_history_rating_1', 'home_team_history_rating_2', 'home_team_history_rating_3', 'home_team_history_rating_4', 'home_team_history_rating_5', 'home_team_history_rating_6', 'home_team_history_rating_7', 'home_team_history_rating_8', 'home_team_history_rating_9', 'home_team_history_rating_10', 'home_team_history_opponent_rating_1', 'home_team_history_opponent_rating_2', 'home_team_history_opponent_rating_3', 'home_team_history_opponent_rating_4', 'home_team_history_opponent_rating_5', 'home_team_history_opponent_rating_6', 'home_team_history_opponent_rating_7', 'home_team_history_opponent_rating_8', 'home_team_history_opponent_rating_9', 'home_team_history_opponent_rating_10', 'home_team_history_league_id_1', 'home_team_history_league_id_2', 'home_team_history_league_id_3', 'home_team_history_league_id_4', 'home_team_history_league_id_5', 'home_team_history_league_id_6', 'home_team_history_league_id_7', 'home_team_history_league_id_8', 'home_team_history_league_id_9', 'home_team_history_league_id_10', 'away_team_history_goal_1', 'away_team_history_goal_2', 'away_team_history_goal_3', 'away_team_history_goal_4', 'away_team_history_goal_5', 'away_team_history_goal_6', 'away_team_history_goal_7', 'away_team_history_goal_8', 'away_team_history_goal_9', 'away_team_history_goal_10', 'away_team_history_opponent_goal_1', 'away_team_history_opponent_goal_2', 'away_team_history_opponent_goal_3', 'away_team_history_opponent_goal_4', 'away_team_history_opponent_goal_5', 'away_team_history_opponent_goal_6', 'away_team_history_opponent_goal_7', 'away_team_history_opponent_goal_8', 'away_team_history_opponent_goal_9', 'away_team_history_opponent_goal_10', 'away_team_history_rating_1', 'away_team_history_rating_2', 'away_team_history_rating_3', 'away_team_history_rating_4', 'away_team_history_rating_5', 'away_team_history_rating_6', 'away_team_history_rating_7', 'away_team_history_rating_8', 'away_team_history_rating_9', 'away_team_history_rating_10', 'away_team_history_opponent_rating_1', 'away_team_history_opponent_rating_2', 'away_team_history_opponent_rating_3', 'away_team_history_opponent_rating_4', 'away_team_history_opponent_rating_5', 'away_team_history_opponent_rating_6', 'away_team_history_opponent_rating_7', 'away_team_history_opponent_rating_8', 'away_team_history_opponent_rating_9', 'away_team_history_opponent_rating_10', 'away_team_history_league_id_1', 'away_team_history_league_id_2', 'away_team_history_league_id_3', 'away_team_history_league_id_4', 'away_team_history_league_id_5', 'away_team_history_league_id_6', 'away_team_history_league_id_7', 'away_team_history_league_id_8', 'away_team_history_league_id_9', 'away_team_history_league_id_10', 'home_team_history_result_1', 'away_team_history_result_1', 'home_team_history_result_2', 'away_team_history_result_2', 'home_team_history_result_3', 'away_team_history_result_3', 'home_team_history_result_4', 'away_team_history_result_4', 'home_team_history_result_5', 'away_team_history_result_5', 'home_team_history_result_6', 'away_team_history_result_6', 'home_team_history_result_7', 'away_team_history_result_7', 'home_team_history_result_8', 'away_team_history_result_8', 'home_team_history_result_9', 'away_team_history_result_9', 'home_team_history_result_10', 'away_team_history_result_10', 'home_team_history_goal_difference_10_matches', 'away_team_history_goal_difference_10_matches']
350, 2, 0.11, 122, 0.2, 21,   1.01441,  0.99337, 2.71, ['home_team_history_goal_1', 'home_team_history_goal_2', 'home_team_history_goal_3', 'home_team_history_goal_4', 'home_team_history_goal_5', 'home_team_history_goal_6', 'home_team_history_goal_7', 'home_team_history_goal_8', 'home_team_history_goal_9', 'home_team_history_goal_10', 'home_team_history_opponent_goal_1', 'home_team_history_opponent_goal_2', 'home_team_history_opponent_goal_3', 'home_team_history_opponent_goal_4', 'home_team_history_opponent_goal_5', 'home_team_history_opponent_goal_6', 'home_team_history_opponent_goal_7', 'home_team_history_opponent_goal_8', 'home_team_history_opponent_goal_9', 'home_team_history_opponent_goal_10', 'home_team_history_rating_1', 'home_team_history_rating_2', 'home_team_history_rating_3', 'home_team_history_rating_4', 'home_team_history_rating_5', 'home_team_history_rating_6', 'home_team_history_rating_7', 'home_team_history_rating_8', 'home_team_history_rating_9', 'home_team_history_rating_10', 'home_team_history_opponent_rating_1', 'home_team_history_opponent_rating_2', 'home_team_history_opponent_rating_3', 'home_team_history_opponent_rating_4', 'home_team_history_opponent_rating_5', 'home_team_history_opponent_rating_6', 'home_team_history_opponent_rating_7', 'home_team_history_opponent_rating_8', 'home_team_history_opponent_rating_9', 'home_team_history_opponent_rating_10', 'home_team_history_league_id_1', 'home_team_history_league_id_2', 'home_team_history_league_id_3', 'home_team_history_league_id_4', 'home_team_history_league_id_5', 'home_team_history_league_id_6', 'home_team_history_league_id_7', 'home_team_history_league_id_8', 'home_team_history_league_id_9', 'home_team_history_league_id_10', 'away_team_history_goal_1', 'away_team_history_goal_2', 'away_team_history_goal_3', 'away_team_history_goal_4', 'away_team_history_goal_5', 'away_team_history_goal_6', 'away_team_history_goal_7', 'away_team_history_goal_8', 'away_team_history_goal_9', 'away_team_history_goal_10', 'away_team_history_opponent_goal_1', 'away_team_history_opponent_goal_2', 'away_team_history_opponent_goal_3', 'away_team_history_opponent_goal_4', 'away_team_history_opponent_goal_5', 'away_team_history_opponent_goal_6', 'away_team_history_opponent_goal_7', 'away_team_history_opponent_goal_8', 'away_team_history_opponent_goal_9', 'away_team_history_opponent_goal_10', 'away_team_history_rating_1', 'away_team_history_rating_2', 'away_team_history_rating_3', 'away_team_history_rating_4', 'away_team_history_rating_5', 'away_team_history_rating_6', 'away_team_history_rating_7', 'away_team_history_rating_8', 'away_team_history_rating_9', 'away_team_history_rating_10', 'away_team_history_opponent_rating_1', 'away_team_history_opponent_rating_2', 'away_team_history_opponent_rating_3', 'away_team_history_opponent_rating_4', 'away_team_history_opponent_rating_5', 'away_team_history_opponent_rating_6', 'away_team_history_opponent_rating_7', 'away_team_history_opponent_rating_8', 'away_team_history_opponent_rating_9', 'away_team_history_opponent_rating_10', 'away_team_history_league_id_1', 'away_team_history_league_id_2', 'away_team_history_league_id_3', 'away_team_history_league_id_4', 'away_team_history_league_id_5', 'away_team_history_league_id_6', 'away_team_history_league_id_7', 'away_team_history_league_id_8', 'away_team_history_league_id_9', 'away_team_history_league_id_10', 'home_team_history_result_1', 'away_team_history_result_1', 'home_team_history_result_2', 'away_team_history_result_2', 'home_team_history_result_3', 'away_team_history_result_3', 'home_team_history_result_4', 'away_team_history_result_4', 'home_team_history_result_5', 'away_team_history_result_5', 'home_team_history_result_6', 'away_team_history_result_6', 'home_team_history_result_7', 'away_team_history_result_7', 'home_team_history_result_8', 'away_team_history_result_8', 'home_team_history_result_9', 'away_team_history_result_9', 'home_team_history_result_10', 'away_team_history_result_10', 'home_team_history_goal_difference_10_matches', 'away_team_history_goal_difference_10_matches']
350, 3, 0.11, 122, 0.2, 21,   1.01452,  0.97215, 4.99, ['home_team_history_goal_1', 'home_team_history_goal_2', 'home_team_history_goal_3', 'home_team_history_goal_4', 'home_team_history_goal_5', 'home_team_history_goal_6', 'home_team_history_goal_7', 'home_team_history_goal_8', 'home_team_history_goal_9', 'home_team_history_goal_10', 'home_team_history_opponent_goal_1', 'home_team_history_opponent_goal_2', 'home_team_history_opponent_goal_3', 'home_team_history_opponent_goal_4', 'home_team_history_opponent_goal_5', 'home_team_history_opponent_goal_6', 'home_team_history_opponent_goal_7', 'home_team_history_opponent_goal_8', 'home_team_history_opponent_goal_9', 'home_team_history_opponent_goal_10', 'home_team_history_rating_1', 'home_team_history_rating_2', 'home_team_history_rating_3', 'home_team_history_rating_4', 'home_team_history_rating_5', 'home_team_history_rating_6', 'home_team_history_rating_7', 'home_team_history_rating_8', 'home_team_history_rating_9', 'home_team_history_rating_10', 'home_team_history_opponent_rating_1', 'home_team_history_opponent_rating_2', 'home_team_history_opponent_rating_3', 'home_team_history_opponent_rating_4', 'home_team_history_opponent_rating_5', 'home_team_history_opponent_rating_6', 'home_team_history_opponent_rating_7', 'home_team_history_opponent_rating_8', 'home_team_history_opponent_rating_9', 'home_team_history_opponent_rating_10', 'home_team_history_league_id_1', 'home_team_history_league_id_2', 'home_team_history_league_id_3', 'home_team_history_league_id_4', 'home_team_history_league_id_5', 'home_team_history_league_id_6', 'home_team_history_league_id_7', 'home_team_history_league_id_8', 'home_team_history_league_id_9', 'home_team_history_league_id_10', 'away_team_history_goal_1', 'away_team_history_goal_2', 'away_team_history_goal_3', 'away_team_history_goal_4', 'away_team_history_goal_5', 'away_team_history_goal_6', 'away_team_history_goal_7', 'away_team_history_goal_8', 'away_team_history_goal_9', 'away_team_history_goal_10', 'away_team_history_opponent_goal_1', 'away_team_history_opponent_goal_2', 'away_team_history_opponent_goal_3', 'away_team_history_opponent_goal_4', 'away_team_history_opponent_goal_5', 'away_team_history_opponent_goal_6', 'away_team_history_opponent_goal_7', 'away_team_history_opponent_goal_8', 'away_team_history_opponent_goal_9', 'away_team_history_opponent_goal_10', 'away_team_history_rating_1', 'away_team_history_rating_2', 'away_team_history_rating_3', 'away_team_history_rating_4', 'away_team_history_rating_5', 'away_team_history_rating_6', 'away_team_history_rating_7', 'away_team_history_rating_8', 'away_team_history_rating_9', 'away_team_history_rating_10', 'away_team_history_opponent_rating_1', 'away_team_history_opponent_rating_2', 'away_team_history_opponent_rating_3', 'away_team_history_opponent_rating_4', 'away_team_history_opponent_rating_5', 'away_team_history_opponent_rating_6', 'away_team_history_opponent_rating_7', 'away_team_history_opponent_rating_8', 'away_team_history_opponent_rating_9', 'away_team_history_opponent_rating_10', 'away_team_history_league_id_1', 'away_team_history_league_id_2', 'away_team_history_league_id_3', 'away_team_history_league_id_4', 'away_team_history_league_id_5', 'away_team_history_league_id_6', 'away_team_history_league_id_7', 'away_team_history_league_id_8', 'away_team_history_league_id_9', 'away_team_history_league_id_10', 'home_team_history_result_1', 'away_team_history_result_1', 'home_team_history_result_2', 'away_team_history_result_2', 'home_team_history_result_3', 'away_team_history_result_3', 'home_team_history_result_4', 'away_team_history_result_4', 'home_team_history_result_5', 'away_team_history_result_5', 'home_team_history_result_6', 'away_team_history_result_6', 'home_team_history_result_7', 'away_team_history_result_7', 'home_team_history_result_8', 'away_team_history_result_8', 'home_team_history_result_9', 'away_team_history_result_9', 'home_team_history_result_10', 'away_team_history_result_10', 'home_team_history_goal_difference_10_matches', 'away_team_history_goal_difference_10_matches']
360, 3, 0.08, 122, 0.2, 21,   1.01428,  0.97948, 5.19, ['home_team_history_goal_1', 'home_team_history_goal_2', 'home_team_history_goal_3', 'home_team_history_goal_4', 'home_team_history_goal_5', 'home_team_history_goal_6', 'home_team_history_goal_7', 'home_team_history_goal_8', 'home_team_history_goal_9', 'home_team_history_goal_10', 'home_team_history_opponent_goal_1', 'home_team_history_opponent_goal_2', 'home_team_history_opponent_goal_3', 'home_team_history_opponent_goal_4', 'home_team_history_opponent_goal_5', 'home_team_history_opponent_goal_6', 'home_team_history_opponent_goal_7', 'home_team_history_opponent_goal_8', 'home_team_history_opponent_goal_9', 'home_team_history_opponent_goal_10', 'home_team_history_rating_1', 'home_team_history_rating_2', 'home_team_history_rating_3', 'home_team_history_rating_4', 'home_team_history_rating_5', 'home_team_history_rating_6', 'home_team_history_rating_7', 'home_team_history_rating_8', 'home_team_history_rating_9', 'home_team_history_rating_10', 'home_team_history_opponent_rating_1', 'home_team_history_opponent_rating_2', 'home_team_history_opponent_rating_3', 'home_team_history_opponent_rating_4', 'home_team_history_opponent_rating_5', 'home_team_history_opponent_rating_6', 'home_team_history_opponent_rating_7', 'home_team_history_opponent_rating_8', 'home_team_history_opponent_rating_9', 'home_team_history_opponent_rating_10', 'home_team_history_league_id_1', 'home_team_history_league_id_2', 'home_team_history_league_id_3', 'home_team_history_league_id_4', 'home_team_history_league_id_5', 'home_team_history_league_id_6', 'home_team_history_league_id_7', 'home_team_history_league_id_8', 'home_team_history_league_id_9', 'home_team_history_league_id_10', 'away_team_history_goal_1', 'away_team_history_goal_2', 'away_team_history_goal_3', 'away_team_history_goal_4', 'away_team_history_goal_5', 'away_team_history_goal_6', 'away_team_history_goal_7', 'away_team_history_goal_8', 'away_team_history_goal_9', 'away_team_history_goal_10', 'away_team_history_opponent_goal_1', 'away_team_history_opponent_goal_2', 'away_team_history_opponent_goal_3', 'away_team_history_opponent_goal_4', 'away_team_history_opponent_goal_5', 'away_team_history_opponent_goal_6', 'away_team_history_opponent_goal_7', 'away_team_history_opponent_goal_8', 'away_team_history_opponent_goal_9', 'away_team_history_opponent_goal_10', 'away_team_history_rating_1', 'away_team_history_rating_2', 'away_team_history_rating_3', 'away_team_history_rating_4', 'away_team_history_rating_5', 'away_team_history_rating_6', 'away_team_history_rating_7', 'away_team_history_rating_8', 'away_team_history_rating_9', 'away_team_history_rating_10', 'away_team_history_opponent_rating_1', 'away_team_history_opponent_rating_2', 'away_team_history_opponent_rating_3', 'away_team_history_opponent_rating_4', 'away_team_history_opponent_rating_5', 'away_team_history_opponent_rating_6', 'away_team_history_opponent_rating_7', 'away_team_history_opponent_rating_8', 'away_team_history_opponent_rating_9', 'away_team_history_opponent_rating_10', 'away_team_history_league_id_1', 'away_team_history_league_id_2', 'away_team_history_league_id_3', 'away_team_history_league_id_4', 'away_team_history_league_id_5', 'away_team_history_league_id_6', 'away_team_history_league_id_7', 'away_team_history_league_id_8', 'away_team_history_league_id_9', 'away_team_history_league_id_10', 'home_team_history_result_1', 'away_team_history_result_1', 'home_team_history_result_2', 'away_team_history_result_2', 'home_team_history_result_3', 'away_team_history_result_3', 'home_team_history_result_4', 'away_team_history_result_4', 'home_team_history_result_5', 'away_team_history_result_5', 'home_team_history_result_6', 'away_team_history_result_6', 'home_team_history_result_7', 'away_team_history_result_7', 'home_team_history_result_8', 'away_team_history_result_8', 'home_team_history_result_9', 'away_team_history_result_9', 'home_team_history_result_10', 'away_team_history_result_10', 'home_team_history_goal_difference_10_matches', 'away_team_history_goal_difference_10_matches']
300, 3, 0.08, 122, 0.2, 21,   1.01414,  0.98352, 4.06, ['home_team_history_goal_1', 'home_team_history_goal_2', 'home_team_history_goal_3', 'home_team_history_goal_4', 'home_team_history_goal_5', 'home_team_history_goal_6', 'home_team_history_goal_7', 'home_team_history_goal_8', 'home_team_history_goal_9', 'home_team_history_goal_10', 'home_team_history_opponent_goal_1', 'home_team_history_opponent_goal_2', 'home_team_history_opponent_goal_3', 'home_team_history_opponent_goal_4', 'home_team_history_opponent_goal_5', 'home_team_history_opponent_goal_6', 'home_team_history_opponent_goal_7', 'home_team_history_opponent_goal_8', 'home_team_history_opponent_goal_9', 'home_team_history_opponent_goal_10', 'home_team_history_rating_1', 'home_team_history_rating_2', 'home_team_history_rating_3', 'home_team_history_rating_4', 'home_team_history_rating_5', 'home_team_history_rating_6', 'home_team_history_rating_7', 'home_team_history_rating_8', 'home_team_history_rating_9', 'home_team_history_rating_10', 'home_team_history_opponent_rating_1', 'home_team_history_opponent_rating_2', 'home_team_history_opponent_rating_3', 'home_team_history_opponent_rating_4', 'home_team_history_opponent_rating_5', 'home_team_history_opponent_rating_6', 'home_team_history_opponent_rating_7', 'home_team_history_opponent_rating_8', 'home_team_history_opponent_rating_9', 'home_team_history_opponent_rating_10', 'home_team_history_league_id_1', 'home_team_history_league_id_2', 'home_team_history_league_id_3', 'home_team_history_league_id_4', 'home_team_history_league_id_5', 'home_team_history_league_id_6', 'home_team_history_league_id_7', 'home_team_history_league_id_8', 'home_team_history_league_id_9', 'home_team_history_league_id_10', 'away_team_history_goal_1', 'away_team_history_goal_2', 'away_team_history_goal_3', 'away_team_history_goal_4', 'away_team_history_goal_5', 'away_team_history_goal_6', 'away_team_history_goal_7', 'away_team_history_goal_8', 'away_team_history_goal_9', 'away_team_history_goal_10', 'away_team_history_opponent_goal_1', 'away_team_history_opponent_goal_2', 'away_team_history_opponent_goal_3', 'away_team_history_opponent_goal_4', 'away_team_history_opponent_goal_5', 'away_team_history_opponent_goal_6', 'away_team_history_opponent_goal_7', 'away_team_history_opponent_goal_8', 'away_team_history_opponent_goal_9', 'away_team_history_opponent_goal_10', 'away_team_history_rating_1', 'away_team_history_rating_2', 'away_team_history_rating_3', 'away_team_history_rating_4', 'away_team_history_rating_5', 'away_team_history_rating_6', 'away_team_history_rating_7', 'away_team_history_rating_8', 'away_team_history_rating_9', 'away_team_history_rating_10', 'away_team_history_opponent_rating_1', 'away_team_history_opponent_rating_2', 'away_team_history_opponent_rating_3', 'away_team_history_opponent_rating_4', 'away_team_history_opponent_rating_5', 'away_team_history_opponent_rating_6', 'away_team_history_opponent_rating_7', 'away_team_history_opponent_rating_8', 'away_team_history_opponent_rating_9', 'away_team_history_opponent_rating_10', 'away_team_history_league_id_1', 'away_team_history_league_id_2', 'away_team_history_league_id_3', 'away_team_history_league_id_4', 'away_team_history_league_id_5', 'away_team_history_league_id_6', 'away_team_history_league_id_7', 'away_team_history_league_id_8', 'away_team_history_league_id_9', 'away_team_history_league_id_10', 'home_team_history_result_1', 'away_team_history_result_1', 'home_team_history_result_2', 'away_team_history_result_2', 'home_team_history_result_3', 'away_team_history_result_3', 'home_team_history_result_4', 'away_team_history_result_4', 'home_team_history_result_5', 'away_team_history_result_5', 'home_team_history_result_6', 'away_team_history_result_6', 'home_team_history_result_7', 'away_team_history_result_7', 'home_team_history_result_8', 'away_team_history_result_8', 'home_team_history_result_9', 'away_team_history_result_9', 'home_team_history_result_10', 'away_team_history_result_10', 'home_team_history_goal_difference_10_matches', 'away_team_history_goal_difference_10_matches']
260, 3, 0.08, 122, 0.2, 21,   1.01420,  0.98640, 3.74, ['home_team_history_goal_1', 'home_team_history_goal_2', 'home_team_history_goal_3', 'home_team_history_goal_4', 'home_team_history_goal_5', 'home_team_history_goal_6', 'home_team_history_goal_7', 'home_team_history_goal_8', 'home_team_history_goal_9', 'home_team_history_goal_10', 'home_team_history_opponent_goal_1', 'home_team_history_opponent_goal_2', 'home_team_history_opponent_goal_3', 'home_team_history_opponent_goal_4', 'home_team_history_opponent_goal_5', 'home_team_history_opponent_goal_6', 'home_team_history_opponent_goal_7', 'home_team_history_opponent_goal_8', 'home_team_history_opponent_goal_9', 'home_team_history_opponent_goal_10', 'home_team_history_rating_1', 'home_team_history_rating_2', 'home_team_history_rating_3', 'home_team_history_rating_4', 'home_team_history_rating_5', 'home_team_history_rating_6', 'home_team_history_rating_7', 'home_team_history_rating_8', 'home_team_history_rating_9', 'home_team_history_rating_10', 'home_team_history_opponent_rating_1', 'home_team_history_opponent_rating_2', 'home_team_history_opponent_rating_3', 'home_team_history_opponent_rating_4', 'home_team_history_opponent_rating_5', 'home_team_history_opponent_rating_6', 'home_team_history_opponent_rating_7', 'home_team_history_opponent_rating_8', 'home_team_history_opponent_rating_9', 'home_team_history_opponent_rating_10', 'home_team_history_league_id_1', 'home_team_history_league_id_2', 'home_team_history_league_id_3', 'home_team_history_league_id_4', 'home_team_history_league_id_5', 'home_team_history_league_id_6', 'home_team_history_league_id_7', 'home_team_history_league_id_8', 'home_team_history_league_id_9', 'home_team_history_league_id_10', 'away_team_history_goal_1', 'away_team_history_goal_2', 'away_team_history_goal_3', 'away_team_history_goal_4', 'away_team_history_goal_5', 'away_team_history_goal_6', 'away_team_history_goal_7', 'away_team_history_goal_8', 'away_team_history_goal_9', 'away_team_history_goal_10', 'away_team_history_opponent_goal_1', 'away_team_history_opponent_goal_2', 'away_team_history_opponent_goal_3', 'away_team_history_opponent_goal_4', 'away_team_history_opponent_goal_5', 'away_team_history_opponent_goal_6', 'away_team_history_opponent_goal_7', 'away_team_history_opponent_goal_8', 'away_team_history_opponent_goal_9', 'away_team_history_opponent_goal_10', 'away_team_history_rating_1', 'away_team_history_rating_2', 'away_team_history_rating_3', 'away_team_history_rating_4', 'away_team_history_rating_5', 'away_team_history_rating_6', 'away_team_history_rating_7', 'away_team_history_rating_8', 'away_team_history_rating_9', 'away_team_history_rating_10', 'away_team_history_opponent_rating_1', 'away_team_history_opponent_rating_2', 'away_team_history_opponent_rating_3', 'away_team_history_opponent_rating_4', 'away_team_history_opponent_rating_5', 'away_team_history_opponent_rating_6', 'away_team_history_opponent_rating_7', 'away_team_history_opponent_rating_8', 'away_team_history_opponent_rating_9', 'away_team_history_opponent_rating_10', 'away_team_history_league_id_1', 'away_team_history_league_id_2', 'away_team_history_league_id_3', 'away_team_history_league_id_4', 'away_team_history_league_id_5', 'away_team_history_league_id_6', 'away_team_history_league_id_7', 'away_team_history_league_id_8', 'away_team_history_league_id_9', 'away_team_history_league_id_10', 'home_team_history_result_1', 'away_team_history_result_1', 'home_team_history_result_2', 'away_team_history_result_2', 'home_team_history_result_3', 'away_team_history_result_3', 'home_team_history_result_4', 'away_team_history_result_4', 'home_team_history_result_5', 'away_team_history_result_5', 'home_team_history_result_6', 'away_team_history_result_6', 'home_team_history_result_7', 'away_team_history_result_7', 'home_team_history_result_8', 'away_team_history_result_8', 'home_team_history_result_9', 'away_team_history_result_9', 'home_team_history_result_10', 'away_team_history_result_10', 'home_team_history_goal_difference_10_matches', 'away_team_history_goal_difference_10_matches']
220, 3, 0.08, 122, 0.2, 21,   1.01429,  0.98972, 3.03, ['home_team_history_goal_1', 'home_team_history_goal_2', 'home_team_history_goal_3', 'home_team_history_goal_4', 'home_team_history_goal_5', 'home_team_history_goal_6', 'home_team_history_goal_7', 'home_team_history_goal_8', 'home_team_history_goal_9', 'home_team_history_goal_10', 'home_team_history_opponent_goal_1', 'home_team_history_opponent_goal_2', 'home_team_history_opponent_goal_3', 'home_team_history_opponent_goal_4', 'home_team_history_opponent_goal_5', 'home_team_history_opponent_goal_6', 'home_team_history_opponent_goal_7', 'home_team_history_opponent_goal_8', 'home_team_history_opponent_goal_9', 'home_team_history_opponent_goal_10', 'home_team_history_rating_1', 'home_team_history_rating_2', 'home_team_history_rating_3', 'home_team_history_rating_4', 'home_team_history_rating_5', 'home_team_history_rating_6', 'home_team_history_rating_7', 'home_team_history_rating_8', 'home_team_history_rating_9', 'home_team_history_rating_10', 'home_team_history_opponent_rating_1', 'home_team_history_opponent_rating_2', 'home_team_history_opponent_rating_3', 'home_team_history_opponent_rating_4', 'home_team_history_opponent_rating_5', 'home_team_history_opponent_rating_6', 'home_team_history_opponent_rating_7', 'home_team_history_opponent_rating_8', 'home_team_history_opponent_rating_9', 'home_team_history_opponent_rating_10', 'home_team_history_league_id_1', 'home_team_history_league_id_2', 'home_team_history_league_id_3', 'home_team_history_league_id_4', 'home_team_history_league_id_5', 'home_team_history_league_id_6', 'home_team_history_league_id_7', 'home_team_history_league_id_8', 'home_team_history_league_id_9', 'home_team_history_league_id_10', 'away_team_history_goal_1', 'away_team_history_goal_2', 'away_team_history_goal_3', 'away_team_history_goal_4', 'away_team_history_goal_5', 'away_team_history_goal_6', 'away_team_history_goal_7', 'away_team_history_goal_8', 'away_team_history_goal_9', 'away_team_history_goal_10', 'away_team_history_opponent_goal_1', 'away_team_history_opponent_goal_2', 'away_team_history_opponent_goal_3', 'away_team_history_opponent_goal_4', 'away_team_history_opponent_goal_5', 'away_team_history_opponent_goal_6', 'away_team_history_opponent_goal_7', 'away_team_history_opponent_goal_8', 'away_team_history_opponent_goal_9', 'away_team_history_opponent_goal_10', 'away_team_history_rating_1', 'away_team_history_rating_2', 'away_team_history_rating_3', 'away_team_history_rating_4', 'away_team_history_rating_5', 'away_team_history_rating_6', 'away_team_history_rating_7', 'away_team_history_rating_8', 'away_team_history_rating_9', 'away_team_history_rating_10', 'away_team_history_opponent_rating_1', 'away_team_history_opponent_rating_2', 'away_team_history_opponent_rating_3', 'away_team_history_opponent_rating_4', 'away_team_history_opponent_rating_5', 'away_team_history_opponent_rating_6', 'away_team_history_opponent_rating_7', 'away_team_history_opponent_rating_8', 'away_team_history_opponent_rating_9', 'away_team_history_opponent_rating_10', 'away_team_history_league_id_1', 'away_team_history_league_id_2', 'away_team_history_league_id_3', 'away_team_history_league_id_4', 'away_team_history_league_id_5', 'away_team_history_league_id_6', 'away_team_history_league_id_7', 'away_team_history_league_id_8', 'away_team_history_league_id_9', 'away_team_history_league_id_10', 'home_team_history_result_1', 'away_team_history_result_1', 'home_team_history_result_2', 'away_team_history_result_2', 'home_team_history_result_3', 'away_team_history_result_3', 'home_team_history_result_4', 'away_team_history_result_4', 'home_team_history_result_5', 'away_team_history_result_5', 'home_team_history_result_6', 'away_team_history_result_6', 'home_team_history_result_7', 'away_team_history_result_7', 'home_team_history_result_8', 'away_team_history_result_8', 'home_team_history_result_9', 'away_team_history_result_9', 'home_team_history_result_10', 'away_team_history_result_10', 'home_team_history_goal_difference_10_matches', 'away_team_history_goal_difference_10_matches']
320, 3, 0.07, 122, 0.2, 21,   1.01430,  0.98519, 4.12, ['home_team_history_goal_1', 'home_team_history_goal_2', 'home_team_history_goal_3', 'home_team_history_goal_4', 'home_team_history_goal_5', 'home_team_history_goal_6', 'home_team_history_goal_7', 'home_team_history_goal_8', 'home_team_history_goal_9', 'home_team_history_goal_10', 'home_team_history_opponent_goal_1', 'home_team_history_opponent_goal_2', 'home_team_history_opponent_goal_3', 'home_team_history_opponent_goal_4', 'home_team_history_opponent_goal_5', 'home_team_history_opponent_goal_6', 'home_team_history_opponent_goal_7', 'home_team_history_opponent_goal_8', 'home_team_history_opponent_goal_9', 'home_team_history_opponent_goal_10', 'home_team_history_rating_1', 'home_team_history_rating_2', 'home_team_history_rating_3', 'home_team_history_rating_4', 'home_team_history_rating_5', 'home_team_history_rating_6', 'home_team_history_rating_7', 'home_team_history_rating_8', 'home_team_history_rating_9', 'home_team_history_rating_10', 'home_team_history_opponent_rating_1', 'home_team_history_opponent_rating_2', 'home_team_history_opponent_rating_3', 'home_team_history_opponent_rating_4', 'home_team_history_opponent_rating_5', 'home_team_history_opponent_rating_6', 'home_team_history_opponent_rating_7', 'home_team_history_opponent_rating_8', 'home_team_history_opponent_rating_9', 'home_team_history_opponent_rating_10', 'home_team_history_league_id_1', 'home_team_history_league_id_2', 'home_team_history_league_id_3', 'home_team_history_league_id_4', 'home_team_history_league_id_5', 'home_team_history_league_id_6', 'home_team_history_league_id_7', 'home_team_history_league_id_8', 'home_team_history_league_id_9', 'home_team_history_league_id_10', 'away_team_history_goal_1', 'away_team_history_goal_2', 'away_team_history_goal_3', 'away_team_history_goal_4', 'away_team_history_goal_5', 'away_team_history_goal_6', 'away_team_history_goal_7', 'away_team_history_goal_8', 'away_team_history_goal_9', 'away_team_history_goal_10', 'away_team_history_opponent_goal_1', 'away_team_history_opponent_goal_2', 'away_team_history_opponent_goal_3', 'away_team_history_opponent_goal_4', 'away_team_history_opponent_goal_5', 'away_team_history_opponent_goal_6', 'away_team_history_opponent_goal_7', 'away_team_history_opponent_goal_8', 'away_team_history_opponent_goal_9', 'away_team_history_opponent_goal_10', 'away_team_history_rating_1', 'away_team_history_rating_2', 'away_team_history_rating_3', 'away_team_history_rating_4', 'away_team_history_rating_5', 'away_team_history_rating_6', 'away_team_history_rating_7', 'away_team_history_rating_8', 'away_team_history_rating_9', 'away_team_history_rating_10', 'away_team_history_opponent_rating_1', 'away_team_history_opponent_rating_2', 'away_team_history_opponent_rating_3', 'away_team_history_opponent_rating_4', 'away_team_history_opponent_rating_5', 'away_team_history_opponent_rating_6', 'away_team_history_opponent_rating_7', 'away_team_history_opponent_rating_8', 'away_team_history_opponent_rating_9', 'away_team_history_opponent_rating_10', 'away_team_history_league_id_1', 'away_team_history_league_id_2', 'away_team_history_league_id_3', 'away_team_history_league_id_4', 'away_team_history_league_id_5', 'away_team_history_league_id_6', 'away_team_history_league_id_7', 'away_team_history_league_id_8', 'away_team_history_league_id_9', 'away_team_history_league_id_10', 'home_team_history_result_1', 'away_team_history_result_1', 'home_team_history_result_2', 'away_team_history_result_2', 'home_team_history_result_3', 'away_team_history_result_3', 'home_team_history_result_4', 'away_team_history_result_4', 'home_team_history_result_5', 'away_team_history_result_5', 'home_team_history_result_6', 'away_team_history_result_6', 'home_team_history_result_7', 'away_team_history_result_7', 'home_team_history_result_8', 'away_team_history_result_8', 'home_team_history_result_9', 'away_team_history_result_9', 'home_team_history_result_10', 'away_team_history_result_10', 'home_team_history_goal_difference_10_matches', 'away_team_history_goal_difference_10_matches']
360, 3, 0.07, 122, 0.2, 21,   1.01427,  0.98262, 4.4, ['home_team_history_goal_1', 'home_team_history_goal_2', 'home_team_history_goal_3', 'home_team_history_goal_4', 'home_team_history_goal_5', 'home_team_history_goal_6', 'home_team_history_goal_7', 'home_team_history_goal_8', 'home_team_history_goal_9', 'home_team_history_goal_10', 'home_team_history_opponent_goal_1', 'home_team_history_opponent_goal_2', 'home_team_history_opponent_goal_3', 'home_team_history_opponent_goal_4', 'home_team_history_opponent_goal_5', 'home_team_history_opponent_goal_6', 'home_team_history_opponent_goal_7', 'home_team_history_opponent_goal_8', 'home_team_history_opponent_goal_9', 'home_team_history_opponent_goal_10', 'home_team_history_rating_1', 'home_team_history_rating_2', 'home_team_history_rating_3', 'home_team_history_rating_4', 'home_team_history_rating_5', 'home_team_history_rating_6', 'home_team_history_rating_7', 'home_team_history_rating_8', 'home_team_history_rating_9', 'home_team_history_rating_10', 'home_team_history_opponent_rating_1', 'home_team_history_opponent_rating_2', 'home_team_history_opponent_rating_3', 'home_team_history_opponent_rating_4', 'home_team_history_opponent_rating_5', 'home_team_history_opponent_rating_6', 'home_team_history_opponent_rating_7', 'home_team_history_opponent_rating_8', 'home_team_history_opponent_rating_9', 'home_team_history_opponent_rating_10', 'home_team_history_league_id_1', 'home_team_history_league_id_2', 'home_team_history_league_id_3', 'home_team_history_league_id_4', 'home_team_history_league_id_5', 'home_team_history_league_id_6', 'home_team_history_league_id_7', 'home_team_history_league_id_8', 'home_team_history_league_id_9', 'home_team_history_league_id_10', 'away_team_history_goal_1', 'away_team_history_goal_2', 'away_team_history_goal_3', 'away_team_history_goal_4', 'away_team_history_goal_5', 'away_team_history_goal_6', 'away_team_history_goal_7', 'away_team_history_goal_8', 'away_team_history_goal_9', 'away_team_history_goal_10', 'away_team_history_opponent_goal_1', 'away_team_history_opponent_goal_2', 'away_team_history_opponent_goal_3', 'away_team_history_opponent_goal_4', 'away_team_history_opponent_goal_5', 'away_team_history_opponent_goal_6', 'away_team_history_opponent_goal_7', 'away_team_history_opponent_goal_8', 'away_team_history_opponent_goal_9', 'away_team_history_opponent_goal_10', 'away_team_history_rating_1', 'away_team_history_rating_2', 'away_team_history_rating_3', 'away_team_history_rating_4', 'away_team_history_rating_5', 'away_team_history_rating_6', 'away_team_history_rating_7', 'away_team_history_rating_8', 'away_team_history_rating_9', 'away_team_history_rating_10', 'away_team_history_opponent_rating_1', 'away_team_history_opponent_rating_2', 'away_team_history_opponent_rating_3', 'away_team_history_opponent_rating_4', 'away_team_history_opponent_rating_5', 'away_team_history_opponent_rating_6', 'away_team_history_opponent_rating_7', 'away_team_history_opponent_rating_8', 'away_team_history_opponent_rating_9', 'away_team_history_opponent_rating_10', 'away_team_history_league_id_1', 'away_team_history_league_id_2', 'away_team_history_league_id_3', 'away_team_history_league_id_4', 'away_team_history_league_id_5', 'away_team_history_league_id_6', 'away_team_history_league_id_7', 'away_team_history_league_id_8', 'away_team_history_league_id_9', 'away_team_history_league_id_10', 'home_team_history_result_1', 'away_team_history_result_1', 'home_team_history_result_2', 'away_team_history_result_2', 'home_team_history_result_3', 'away_team_history_result_3', 'home_team_history_result_4', 'away_team_history_result_4', 'home_team_history_result_5', 'away_team_history_result_5', 'home_team_history_result_6', 'away_team_history_result_6', 'home_team_history_result_7', 'away_team_history_result_7', 'home_team_history_result_8', 'away_team_history_result_8', 'home_team_history_result_9', 'away_team_history_result_9', 'home_team_history_result_10', 'away_team_history_result_10', 'home_team_history_goal_difference_10_matches', 'away_team_history_goal_difference_10_matches']
400, 2, 0.08, 122, 0.2, 21,   1.01460,  0.99587, 4.8, ['home_team_history_goal_1', 'home_team_history_goal_2', 'home_team_history_goal_3', 'home_team_history_goal_4', 'home_team_history_goal_5', 'home_team_history_goal_6', 'home_team_history_goal_7', 'home_team_history_goal_8', 'home_team_history_goal_9', 'home_team_history_goal_10', 'home_team_history_opponent_goal_1', 'home_team_history_opponent_goal_2', 'home_team_history_opponent_goal_3', 'home_team_history_opponent_goal_4', 'home_team_history_opponent_goal_5', 'home_team_history_opponent_goal_6', 'home_team_history_opponent_goal_7', 'home_team_history_opponent_goal_8', 'home_team_history_opponent_goal_9', 'home_team_history_opponent_goal_10', 'home_team_history_rating_1', 'home_team_history_rating_2', 'home_team_history_rating_3', 'home_team_history_rating_4', 'home_team_history_rating_5', 'home_team_history_rating_6', 'home_team_history_rating_7', 'home_team_history_rating_8', 'home_team_history_rating_9', 'home_team_history_rating_10', 'home_team_history_opponent_rating_1', 'home_team_history_opponent_rating_2', 'home_team_history_opponent_rating_3', 'home_team_history_opponent_rating_4', 'home_team_history_opponent_rating_5', 'home_team_history_opponent_rating_6', 'home_team_history_opponent_rating_7', 'home_team_history_opponent_rating_8', 'home_team_history_opponent_rating_9', 'home_team_history_opponent_rating_10', 'home_team_history_league_id_1', 'home_team_history_league_id_2', 'home_team_history_league_id_3', 'home_team_history_league_id_4', 'home_team_history_league_id_5', 'home_team_history_league_id_6', 'home_team_history_league_id_7', 'home_team_history_league_id_8', 'home_team_history_league_id_9', 'home_team_history_league_id_10', 'away_team_history_goal_1', 'away_team_history_goal_2', 'away_team_history_goal_3', 'away_team_history_goal_4', 'away_team_history_goal_5', 'away_team_history_goal_6', 'away_team_history_goal_7', 'away_team_history_goal_8', 'away_team_history_goal_9', 'away_team_history_goal_10', 'away_team_history_opponent_goal_1', 'away_team_history_opponent_goal_2', 'away_team_history_opponent_goal_3', 'away_team_history_opponent_goal_4', 'away_team_history_opponent_goal_5', 'away_team_history_opponent_goal_6', 'away_team_history_opponent_goal_7', 'away_team_history_opponent_goal_8', 'away_team_history_opponent_goal_9', 'away_team_history_opponent_goal_10', 'away_team_history_rating_1', 'away_team_history_rating_2', 'away_team_history_rating_3', 'away_team_history_rating_4', 'away_team_history_rating_5', 'away_team_history_rating_6', 'away_team_history_rating_7', 'away_team_history_rating_8', 'away_team_history_rating_9', 'away_team_history_rating_10', 'away_team_history_opponent_rating_1', 'away_team_history_opponent_rating_2', 'away_team_history_opponent_rating_3', 'away_team_history_opponent_rating_4', 'away_team_history_opponent_rating_5', 'away_team_history_opponent_rating_6', 'away_team_history_opponent_rating_7', 'away_team_history_opponent_rating_8', 'away_team_history_opponent_rating_9', 'away_team_history_opponent_rating_10', 'away_team_history_league_id_1', 'away_team_history_league_id_2', 'away_team_history_league_id_3', 'away_team_history_league_id_4', 'away_team_history_league_id_5', 'away_team_history_league_id_6', 'away_team_history_league_id_7', 'away_team_history_league_id_8', 'away_team_history_league_id_9', 'away_team_history_league_id_10', 'home_team_history_result_1', 'away_team_history_result_1', 'home_team_history_result_2', 'away_team_history_result_2', 'home_team_history_result_3', 'away_team_history_result_3', 'home_team_history_result_4', 'away_team_history_result_4', 'home_team_history_result_5', 'away_team_history_result_5', 'home_team_history_result_6', 'away_team_history_result_6', 'home_team_history_result_7', 'away_team_history_result_7', 'home_team_history_result_8', 'away_team_history_result_8', 'home_team_history_result_9', 'away_team_history_result_9', 'home_team_history_result_10', 'away_team_history_result_10', 'home_team_history_goal_difference_10_matches', 'away_team_history_goal_difference_10_matches']
600, 2, 0.08, 122, 0.2, 21,   1.01443,  0.98998, 6.18, ['home_team_history_goal_1', 'home_team_history_goal_2', 'home_team_history_goal_3', 'home_team_history_goal_4', 'home_team_history_goal_5', 'home_team_history_goal_6', 'home_team_history_goal_7', 'home_team_history_goal_8', 'home_team_history_goal_9', 'home_team_history_goal_10', 'home_team_history_opponent_goal_1', 'home_team_history_opponent_goal_2', 'home_team_history_opponent_goal_3', 'home_team_history_opponent_goal_4', 'home_team_history_opponent_goal_5', 'home_team_history_opponent_goal_6', 'home_team_history_opponent_goal_7', 'home_team_history_opponent_goal_8', 'home_team_history_opponent_goal_9', 'home_team_history_opponent_goal_10', 'home_team_history_rating_1', 'home_team_history_rating_2', 'home_team_history_rating_3', 'home_team_history_rating_4', 'home_team_history_rating_5', 'home_team_history_rating_6', 'home_team_history_rating_7', 'home_team_history_rating_8', 'home_team_history_rating_9', 'home_team_history_rating_10', 'home_team_history_opponent_rating_1', 'home_team_history_opponent_rating_2', 'home_team_history_opponent_rating_3', 'home_team_history_opponent_rating_4', 'home_team_history_opponent_rating_5', 'home_team_history_opponent_rating_6', 'home_team_history_opponent_rating_7', 'home_team_history_opponent_rating_8', 'home_team_history_opponent_rating_9', 'home_team_history_opponent_rating_10', 'home_team_history_league_id_1', 'home_team_history_league_id_2', 'home_team_history_league_id_3', 'home_team_history_league_id_4', 'home_team_history_league_id_5', 'home_team_history_league_id_6', 'home_team_history_league_id_7', 'home_team_history_league_id_8', 'home_team_history_league_id_9', 'home_team_history_league_id_10', 'away_team_history_goal_1', 'away_team_history_goal_2', 'away_team_history_goal_3', 'away_team_history_goal_4', 'away_team_history_goal_5', 'away_team_history_goal_6', 'away_team_history_goal_7', 'away_team_history_goal_8', 'away_team_history_goal_9', 'away_team_history_goal_10', 'away_team_history_opponent_goal_1', 'away_team_history_opponent_goal_2', 'away_team_history_opponent_goal_3', 'away_team_history_opponent_goal_4', 'away_team_history_opponent_goal_5', 'away_team_history_opponent_goal_6', 'away_team_history_opponent_goal_7', 'away_team_history_opponent_goal_8', 'away_team_history_opponent_goal_9', 'away_team_history_opponent_goal_10', 'away_team_history_rating_1', 'away_team_history_rating_2', 'away_team_history_rating_3', 'away_team_history_rating_4', 'away_team_history_rating_5', 'away_team_history_rating_6', 'away_team_history_rating_7', 'away_team_history_rating_8', 'away_team_history_rating_9', 'away_team_history_rating_10', 'away_team_history_opponent_rating_1', 'away_team_history_opponent_rating_2', 'away_team_history_opponent_rating_3', 'away_team_history_opponent_rating_4', 'away_team_history_opponent_rating_5', 'away_team_history_opponent_rating_6', 'away_team_history_opponent_rating_7', 'away_team_history_opponent_rating_8', 'away_team_history_opponent_rating_9', 'away_team_history_opponent_rating_10', 'away_team_history_league_id_1', 'away_team_history_league_id_2', 'away_team_history_league_id_3', 'away_team_history_league_id_4', 'away_team_history_league_id_5', 'away_team_history_league_id_6', 'away_team_history_league_id_7', 'away_team_history_league_id_8', 'away_team_history_league_id_9', 'away_team_history_league_id_10', 'home_team_history_result_1', 'away_team_history_result_1', 'home_team_history_result_2', 'away_team_history_result_2', 'home_team_history_result_3', 'away_team_history_result_3', 'home_team_history_result_4', 'away_team_history_result_4', 'home_team_history_result_5', 'away_team_history_result_5', 'home_team_history_result_6', 'away_team_history_result_6', 'home_team_history_result_7', 'away_team_history_result_7', 'home_team_history_result_8', 'away_team_history_result_8', 'home_team_history_result_9', 'away_team_history_result_9', 'home_team_history_result_10', 'away_team_history_result_10', 'home_team_history_goal_difference_10_matches', 'away_team_history_goal_difference_10_matches']
800, 2, 0.08, 122, 0.2, 21,   1.01458,  0.98515, 7.68, ['home_team_history_goal_1', 'home_team_history_goal_2', 'home_team_history_goal_3', 'home_team_history_goal_4', 'home_team_history_goal_5', 'home_team_history_goal_6', 'home_team_history_goal_7', 'home_team_history_goal_8', 'home_team_history_goal_9', 'home_team_history_goal_10', 'home_team_history_opponent_goal_1', 'home_team_history_opponent_goal_2', 'home_team_history_opponent_goal_3', 'home_team_history_opponent_goal_4', 'home_team_history_opponent_goal_5', 'home_team_history_opponent_goal_6', 'home_team_history_opponent_goal_7', 'home_team_history_opponent_goal_8', 'home_team_history_opponent_goal_9', 'home_team_history_opponent_goal_10', 'home_team_history_rating_1', 'home_team_history_rating_2', 'home_team_history_rating_3', 'home_team_history_rating_4', 'home_team_history_rating_5', 'home_team_history_rating_6', 'home_team_history_rating_7', 'home_team_history_rating_8', 'home_team_history_rating_9', 'home_team_history_rating_10', 'home_team_history_opponent_rating_1', 'home_team_history_opponent_rating_2', 'home_team_history_opponent_rating_3', 'home_team_history_opponent_rating_4', 'home_team_history_opponent_rating_5', 'home_team_history_opponent_rating_6', 'home_team_history_opponent_rating_7', 'home_team_history_opponent_rating_8', 'home_team_history_opponent_rating_9', 'home_team_history_opponent_rating_10', 'home_team_history_league_id_1', 'home_team_history_league_id_2', 'home_team_history_league_id_3', 'home_team_history_league_id_4', 'home_team_history_league_id_5', 'home_team_history_league_id_6', 'home_team_history_league_id_7', 'home_team_history_league_id_8', 'home_team_history_league_id_9', 'home_team_history_league_id_10', 'away_team_history_goal_1', 'away_team_history_goal_2', 'away_team_history_goal_3', 'away_team_history_goal_4', 'away_team_history_goal_5', 'away_team_history_goal_6', 'away_team_history_goal_7', 'away_team_history_goal_8', 'away_team_history_goal_9', 'away_team_history_goal_10', 'away_team_history_opponent_goal_1', 'away_team_history_opponent_goal_2', 'away_team_history_opponent_goal_3', 'away_team_history_opponent_goal_4', 'away_team_history_opponent_goal_5', 'away_team_history_opponent_goal_6', 'away_team_history_opponent_goal_7', 'away_team_history_opponent_goal_8', 'away_team_history_opponent_goal_9', 'away_team_history_opponent_goal_10', 'away_team_history_rating_1', 'away_team_history_rating_2', 'away_team_history_rating_3', 'away_team_history_rating_4', 'away_team_history_rating_5', 'away_team_history_rating_6', 'away_team_history_rating_7', 'away_team_history_rating_8', 'away_team_history_rating_9', 'away_team_history_rating_10', 'away_team_history_opponent_rating_1', 'away_team_history_opponent_rating_2', 'away_team_history_opponent_rating_3', 'away_team_history_opponent_rating_4', 'away_team_history_opponent_rating_5', 'away_team_history_opponent_rating_6', 'away_team_history_opponent_rating_7', 'away_team_history_opponent_rating_8', 'away_team_history_opponent_rating_9', 'away_team_history_opponent_rating_10', 'away_team_history_league_id_1', 'away_team_history_league_id_2', 'away_team_history_league_id_3', 'away_team_history_league_id_4', 'away_team_history_league_id_5', 'away_team_history_league_id_6', 'away_team_history_league_id_7', 'away_team_history_league_id_8', 'away_team_history_league_id_9', 'away_team_history_league_id_10', 'home_team_history_result_1', 'away_team_history_result_1', 'home_team_history_result_2', 'away_team_history_result_2', 'home_team_history_result_3', 'away_team_history_result_3', 'home_team_history_result_4', 'away_team_history_result_4', 'home_team_history_result_5', 'away_team_history_result_5', 'home_team_history_result_6', 'away_team_history_result_6', 'home_team_history_result_7', 'away_team_history_result_7', 'home_team_history_result_8', 'away_team_history_result_8', 'home_team_history_result_9', 'away_team_history_result_9', 'home_team_history_result_10', 'away_team_history_result_10', 'home_team_history_goal_difference_10_matches', 'away_team_history_goal_difference_10_matches']